{"cameraMode":{"drawMode":0,"name":"Shaded","section":"Shading Mode"},"sceneLighting":false,"audioPlay":false,"sceneViewState":{"m_AlwaysRefresh":false,"showFog":true,"showSkybox":true,"showFlares":true,"showImageEffects":true,"showParticleSystems":true,"showVisualEffectGraphs":true,"m_FxEnabled":true},"in2DMode":false,"pivot":{"x":-2.5302371978759767,"y":5.295565128326416,"z":2.331249237060547},"rotation":{"x":0.1045694351196289,"y":0.06707766652107239,"z":-0.0070692747831344608,"w":0.9922310709953308},"size":12.12435531616211,"orthographic":false}