{"cameraMode":{"drawMode":0,"name":"Shaded","section":"Shading Mode"},"sceneLighting":false,"audioPlay":false,"sceneViewState":{"m_AlwaysRefresh":false,"showFog":true,"showSkybox":true,"showFlares":true,"showImageEffects":true,"showParticleSystems":true,"showVisualEffectGraphs":true,"m_FxEnabled":true},"in2DMode":false,"pivot":{"x":1280.9691162109375,"y":705.3303833007813,"z":-2.5694901943206789},"rotation":{"x":0.010495114140212536,"y":0.029993776232004167,"z":-0.0003149848198518157,"w":0.999495267868042},"size":1468.604736328125,"orthographic":true}